year,recipient,category
2019, Roma – Gabriela Rodríguez and Alfonso Cuarón, Best Picture
2020, The Irishman – Martin Scorsese, Robert De Niro, Jane Rosenthal, and Emma Tillinger Koskoff, Best Picture
2020, Marriage Story – Noah Baumbach and David Heyman, Best Picture
2021, Mank – Ceán Chaffin, Eric Roth, and Douglas Urbanski, Best Picture
2021, The Trial of the Chicago 7 – Marc Platt and Stuart Besser, Best Picture
2022, Don't Look Up – Adam McKay and Kevin Messick, Best Picture
2022, The Power of the Dog – Jane Campion, Tanya Seghatchian, Emile Sherman, Iain Canning, and Roger Frappier, Best Picture
2023, All Quiet on the Western Front – Malte Grunert, Best Picture
2024, Maestro – Bradley Cooper, Steven Spielberg, Fred Berner, Amy Durning, and Kristie Macosko Krieger, Best Picture
2025, Emilia Pérez – Pascal Caucheteux and Jacques Audiard, Best Picture
2019, Alfonso Cuarón (Winner) – Roma, Best Director
2020, Martin Scorsese – The Irishman, Best Director
2021, David Fincher – Mank, Best Director
2022, Jane Campion (Winner) – The Power of the Dog, Best Director
2025, Jacques Audiard – Emilia Pérez, Best Director
2020, Adam Driver – Marriage Story, Best Actor
2020, Jonathan Pryce – The Two Popes, Best Actor
2021, Chadwick Boseman – Ma Rainey's Black Bottom, Best Actor
2021, Gary Oldman – Mank, Best Actor
2022, Benedict Cumberbatch – The Power of the Dog, Best Actor
2022, Andrew Garfield – tick, tick... BOOM!, Best Actor
2024, Bradley Cooper – Maestro, Best Actor
2024, Colman Domingo – Rustin, Best Actor
2019, Yalitza Aparicio – Roma, Best Actress
2020, Scarlett Johansson – Marriage Story, Best Actress
2021, Viola Davis – Ma Rainey's Black Bottom, Best Actress
2021, Vanessa Kirby – Pieces of a Woman, Best Actress
2022, Olivia Colman – The Lost Daughter, Best Actress
2023, Ana de Armas – Blonde, Best Actress
2024, Annette Bening – Nyad, Best Actress
2024, Carey Mulligan – Maestro, Best Actress
2025, Karla Sofía Gascón – Emilia Pérez, Best Actress
2020, Anthony Hopkins – The Two Popes, Best Supporting Actor
2020, Al Pacino – The Irishman, Best Supporting Actor
2020, Joe Pesci – The Irishman, Best Supporting Actor
2021, Sacha Baron Cohen – The Trial of the Chicago 7, Best Supporting Actor
2022, Jesse Plemons – The Power of the Dog, Best Supporting Actor
2022, Kodi Smit-McPhee – The Power of the Dog, Best Supporting Actor
2018, Mary J. Blige – Mudbound, Best Supporting Actress
2019, Marina de Tavira – Roma, Best Supporting Actress
2020, Laura Dern (Winner) – Marriage Story, Best Supporting Actress
2021, Glenn Close – Hillbilly Elegy, Best Supporting Actress
2021, Amanda Seyfried – Mank, Best Supporting Actress
2022, Jessie Buckley – The Lost Daughter, Best Supporting Actress
2022, Kirsten Dunst – The Power of the Dog, Best Supporting Actress
2024, Jodie Foster – Nyad, Best Supporting Actress
2025, Zoe Saldaña (Winner) – Emilia Pérez, Best Supporting Actress
2019, Roma – Alfonso Cuarón, Best Original Screenplay
2020, Marriage Story – Noah Baumbach, Best Original Screenplay
2021, The Trial of the Chicago 7 – Aaron Sorkin, Best Original Screenplay
2022, Don't Look Up – Adam McKay and David Sirota, Best Original Screenplay
2024, Maestro – Bradley Cooper and Josh Singer, Best Original Screenplay
2024, May December – Samy Burch and Alex Mechanik, Best Original Screenplay
2018, Mudbound – Virgil Williams and Dee Rees, Best Adapted Screenplay
2019, The Ballad of Buster Scruggs – Joel Coen and Ethan Coen, Best Adapted Screenplay
2020, The Irishman – Steven Zaillian, Best Adapted Screenplay
2020, The Two Popes – Anthony McCarten, Best Adapted Screenplay
2021, The White Tiger – Ramin Bahrani, Best Adapted Screenplay
2022, The Lost Daughter – Maggie Gyllenhaal, Best Adapted Screenplay
2022, The Power of the Dog – Jane Campion, Best Adapted Screenplay
2023, All Quiet on the Western Front – Edward Berger, Lesley Paterson, and Ian Stokell, Best Adapted Screenplay
2023, Glass Onion: A Knives Out Mystery – Rian Johnson, Best Adapted Screenplay
2025, Emilia Pérez – Jacques Audiard, Thomas Bidegain, Léa Mysius, and Nicolas Livecchi, Best Adapted Screenplay
2018, On Body and Soul – Ildikó Enyedi (Hungary), Best Foreign Language Film
2019, Roma (Winner) – Alfonso Cuarón (Mexico), Best Foreign Language Film
2022, The Hand of God – Paolo Sorrentino (Italy), Best Foreign Language Film
2023, All Quiet on the Western Front (Winner) – Edward Berger (Germany), Best Foreign Language Film
2024, Society of the Snow – J.A. Bayona (Spain), Best Foreign Language Film
2025, Emilia Pérez – Jacques Audiard (France), Best Foreign Language Film
2020, I Lost My Body – Jeremy Clapin and Marc du Pontavice, Best Animated Feature Film
2020, Klaus – Sergio Pablos, Jinko Gotoh, and Marisa Román, Best Animated Feature Film
2021, Over the Moon – Glen Keane, Gennie Rin, and Peilin Chou, Best Animated Feature Film
2022, The Mitchells vs. the Machines – Mike Rianda, Phil Lord, Christopher Miller, and Kurt Albrecht, Best Animated Feature Film
2023, Guillermo del Toro's Pinocchio (Winner) – Guillermo del Toro, Mark Gustafson, Gary Ungar, and Alex Bulkley, Best Animated Feature Film
2023, The Sea Beast – Chris Williams and Jed Schlanger, Best Animated Feature Film
2024, Nimona – Nick Bruno, Troy Quane, Karen Ryan, and Julie Zackary, Best Animated Feature Film
2025, Wallace & Gromit: Vengeance Most Fowl – Nick Park, Merlin Crossingham, and Richard Beek, Best Animated Feature Film
2021, If Anything Happens I Love You (Winner) – Will McCormack and Michael Govier, Best Animated Short Film
2022, Robin Robin – Dan Ojari and Mikey Please, Best Animated Short Film
2014, The Square – Jehane Noujaim and Karim Amer, Best Documentary Feature
2015, Virunga – Orlando von Einsiedel and Joanna Natasegara, Best Documentary Feature
2016, What Happened, Miss Simone? – Liz Garbus, Amy Hobby, and Justin Wilkes, Best Documentary Feature
2016, Winter on Fire: Ukraine's Fight for Freedom – Evgeny Afineevsky and Den Tolmor, Best Documentary Feature
2017, 13th – Ava DuVernay, Spencer Averick, and Howard Barish, Best Documentary Feature
2018, Icarus (Winner) – Bryan Fogel and Dan Cogan, Best Documentary Feature
2018, Strong Island – Yance Ford and Joslyn Barnes, Best Documentary Feature
2020, American Factory (Winner) – Steven Bognar, Julia Reichert, and Jeff Reichert, Best Documentary Feature
2020, The Edge of Democracy – Petra Costa, Joanna Natasegara, Shane Boris, and Tiago Pavan, Best Documentary Feature
2021, Crip Camp – Nicole Newnham, Jim LeBrecht, and Sara Bolder, Best Documentary Feature
2021, My Octopus Teacher (Winner) – Pippa Ehrlich, James Reed, and Craig Foster, Best Documentary Feature
2017, Extremis – Dan Krauss, Best Documentary Short Subject
2017, The White Helmets (Winner) – Orlando von Einsiedel and Joanna Natasegara, Best Documentary Short Subject
2018, Heroin(e) – Elaine McMillion Sheldon and Kerrin Sheldon, Best Documentary Short Subject
2019, End Game – Rob Epstein and Jeffrey Friedman, Best Documentary Short Subject
2019, Period. End of Sentence. (Winner) – Rayka Zehtabchi and Melissa Berton, Best Documentary Short Subject
2020, Life Overtakes Me – John Haptas and Kristine Samuelson, Best Documentary Short Subject
2021, A Love Song for Latasha – Sophia Nahali Allison and Janice Duncan, Best Documentary Short Subject
2022, Audible – Matthew Ogens and Geoff McLean, Best Documentary Short Subject
2022, Lead Me Home – Pedro Kos and Jon Shenk, Best Documentary Short Subject
2022, Three Songs for Benazir – Elizabeth Mirzaei and Gulistan Mirzaei, Best Documentary Short Subject
2023, The Elephant Whisperers (Winner) – Kartiki Gonsalves and Guneet Monga, Best Documentary Short Subject
2023, The Martha Mitchell Effect – Anne Alvergue and Beth Levison, Best Documentary Short Subject
2025, The Only Girl in the Orchestra (Winner) – Molly O'Brien and Lisa Remington, Best Documentary Short Subject
2020, Marriage Story – Randy Newman, Best Original Score
2021, Da 5 Bloods – Terence Blanchard, Best Original Score
2021, Mank – Trent Reznor and Atticus Ross, Best Original Score
2022, Don't Look Up – Nicholas Britell, Best Original Score
2022, The Power of the Dog – Jonny Greenwood, Best Original Score
2023, All Quiet on the Western Front (Winner) – Volker Bertelmann, Best Original Score
2025, Emilia Pérez – Clément Ducol and Camille, Best Original Score
2018, "Mighty River" from Mudbound – Mary J. Blige, Raphael Saadiq, and Taura Stinson, Best Original Song
2019, "When a Cowboy Trades His Spurs for Wings" from The Ballad of Buster Scruggs – David Rawlings and Gillian Welch, Best Original Song
2021, "Hear My Voice" from The Trial of the Chicago 7 – Daniel Pemberton and Celeste Waite, Best Original Song
2021, "Husavik" from Eurovision Song Contest: The Story of Fire Saga – Savan Kotecha, Fat Max Gsus, and Rickard Göransson, Best Original Song
2021, "Io sì (Seen)" from The Life Ahead – Diane Warren and Laura Pausini, Best Original Song
2024, "It Never Went Away" from American Symphony – Jon Batiste and Dan Wilson, Best Original Song
2025, "El Mal" from Emilia Pérez (Winner) – Clément Ducol, Camille and Jacques Audiard, Best Original Song
2025, "The Journey" from The Six Triple Eight – Diane Warren, Best Original Song
2025, "Mi Camino" from Emilia Pérez – Clément Ducol and Camille, Best Original Song
2019, Roma – Sergio Díaz and Skip Lievsay, Best Sound Editing
2019, Roma – Skip Lievsay, Craig Henighan, and José Antonio García, Best Sound
2021, Mank – Ren Klyce, Jeremy Molod, David Parker, Nathan Nance, and Drew Kunin, Best Sound
2022, The Power of the Dog – Richard Flynn, Robert Mackenzie, and Tara Webb, Best Sound
2023, All Quiet on the Western Front – Viktor Prášil, Frank Kruse, Markus Stemler, Lars Ginzel, and Stefan Korte, Best Sound
2024, Maestro – Steven A. Morrow, Richard King, Jason Ruder, Tom Ozanich, and Dean Zupancic, Best Sound
2025, Emilia Pérez – Erwan Kerzanet, Aymeric Devoldère, Maxence Dussère, Cyril Holtz, and Niels Barletta, Best Sound
2019, Roma – Eugenio Caballero and Bárbara Enríquez, Best Production Design
2020, The Irishman – Bob Shaw and Regina Graves, Best Production Design
2021, Ma Rainey's Black Bottom – Mark Ricker, Karen O'Hara, and Diana Stoughton, Best Production Design
2021, Mank (Winner) – Donald Graham Burt and Jan Pascale, Best Production Design
2022, The Power of the Dog – Grant Major and Amber Richards, Best Production Design
2023, All Quiet on the Western Front (Winner) – Christian M. Goldbeck and Ernestine Hipper, Best Production Design
2018, Mudbound – Rachel Morrison, Best Cinematography
2019, Roma (Winner) – Alfonso Cuarón, Best Cinematography
2020, The Irishman – Rodrigo Prieto, Best Cinematography
2021, Mank (Winner) – Erik Messerschmidt, Best Cinematography
2021, The Trial of the Chicago 7 – Phedon Papamichael, Best Cinematography
2022, The Power of the Dog – Ari Wegner, Best Cinematography
2023, All Quiet on the Western Front (Winner) – James Friend, Best Cinematography
2023, Bardo, False Chronicle of a Handful of Truths – Darius Khondji, Best Cinematography
2024, El Conde – Edward Lachman, Best Cinematography
2024, Maestro – Matthew Libatique, Best Cinematography
2025, Emilia Pérez – Paul Guilhaume, Best Cinematography
2025, Maria – Edward Lachman, Best Cinematography
2019, The Ballad of Buster Scruggs – Mary Zophres, Best Costume Design
2020, The Irishman – Sandy Powell and Christopher Peterson, Best Costume Design
2021, Ma Rainey's Black Bottom (Winner) – Ann Roth, Best Costume Design
2021, Mank – Trish Summerville, Best Costume Design
2021, Hillbilly Elegy – Eryn Krueger Mekash, Matthew Mungle, and Patricia Dehaney, Best Makeup and Hairstyling
2021, Ma Rainey's Black Bottom (Winner) – Sergio Lopez-Rivera, Mia Neal, and Jamika Wilson, Best Makeup and Hairstyling
2021, Mank – Gigi Williams, Kimberley Spiteri, and Colleen LaBaff, Best Makeup and Hairstyling
2023, All Quiet on the Western Front – Heike Merker and Linda Eisenhamerová, Best Makeup and Hairstyling
2024, Maestro – Kazu Hiro, Kay Georgiou, and Lori McCoy-Bell, Best Makeup and Hairstyling
2024, Society of the Snow – Ana López-Puigcerver, David Martí, and Montse Ribé, Best Makeup and Hairstyling
2025, Emilia Pérez – Julia Floch Carbonel, Emmanuel Janvier, and Jean-Christophe Spadaccini, Best Makeup and Hairstyling
2020, The Irishman – Thelma Schoonmaker, Best Film Editing
2021, The Trial of the Chicago 7 – Alan Baumgarten, Best Film Editing
2022, Don't Look Up – Hank Corwin, Best Film Editing
2022, The Power of the Dog – Peter Sciberras, Best Film Editing
2022, tick, tick... BOOM! – Myron Kerstein and Andrew Weisblum, Best Film Editing
2025, Emilia Pérez – Juliette Welfling, Best Film Editing
2020, The Irishman – Pablo Helman, Leandro Estebecorena, Nelson Sepulveda-Fauser, and Stephane Grabli, Best Visual Effects
2021, The Midnight Sky – Matt Kasmir, Christopher Lawrence, Max Solomon, and David Watkins, Best Visual Effects
2023, All Quiet on the Western Front – Frank Petzold, Viktor Müller, Markus Frank, and Kamil Jafar, Best Visual Effects
2021, Two Distant Strangers (Winner) – Travon Free and Martin Desmond Roe, Best Short Live Action
2024, The After – Misan Harriman and Nicky Bentham, Best Short Live Action
2024, The Wonderful Story of Henry Sugar (Winner) – Wes Anderson and Steven Rales, Best Short Live Action
2025, Anuja – Adam J. Graves and Suchitra Mattai, Best Short Live Action