Country,Number of Movies,Average Production Budget,Total Worldwide Box Office,Share,Top-Grossing Movie,Year
United States,683,39493378,26005273810,81.919,The Avengers,2012
United Kingdom,100,30068000,2855707217,8.996,Skyfall,2012
France,108,23700000,1565256072,4.931,Les Intouchables,2012
China,40,38366667,1435109640,4.521,Ren zai jiong tu zhi tai jiong,2012
New Zealand,3,200000000,1015416860,3.199,The Hobbit: An Unexpected Journey,2012
Japan,36,23000000,874531725,2.755,Arrietty (借りぐらしのアリエッティ)…,2012
India,49,16100000,558039055,1.758,Ek Tha Tiger,2012
Republic of Korea,26,3500000,501750916,1.581,"Gwanghae, Wangyidoen namja",2012
Hong Kong,12,14000000,441548367,1.391,Shi Er Sheng Xiao,2012
Spain,30,30266667,437464807,1.378,The Impossible,2012
Italy,28,27300000,376301240,1.185,The Devil Inside,2012
Germany,35,34150000,274273129,0.864,Cloud Atlas,2012
Canada,59,15577778,254067156,0.800,The Woman in Black,2012
Belgium,20,21525000,180853063,0.570,Sur la piste du Marsupilami,2012
Sweden,10,15000000,154276663,0.486,The Woman in Black,2012
United Arab Emirates,2,57000000,149217355,0.470,Ghost Rider: Spirit of Vengeance,2012
Australia,20,9333333,111446022,0.351,Bait 3D,2012
Romania,2,1000000,102545899,0.323,The Devil Inside,2012
South Africa,5,32500000,76051219,0.240,Dredd,2012
Hungary,4,45300000,61026491,0.192,Astérix et Obélix: Au service de Sa M…,2012
Norway,14,5250000,56689226,0.179,Kon-Tiki,2012
Ireland,15,12500000,55507098,0.175,Haywire,2012
Russian Federation,11,7000000,52070255,0.164,Three Heroes on Distant Shores,2012
Czech Republic,6,40000000,51156716,0.161,Solomon Kane,2012
Denmark,12,3450000,46445501,0.146,En kongelig affære,2012
"Taiwan, Province of China",3,14000000,42992588,0.135,Ai,2012
Singapore,1,,32588670,0.103,Bait 3D,2012
Turkey,2,,32540389,0.103,Fetih 1453,2012
Thailand,7,4650000,24223433,0.076,Turkisch fur Anfanger,2012
Poland,8,,19937289,0.063,In Darkness,2012
Brazil,8,25000000,19738224,0.062,On the Road,2012
Mexico,13,12000000,15640381,0.049,For Greater Glory: The True Story of …,2012
Saudi Arabia,1,,14505102,0.046,Wadjda,2012
Colombia,2,2600000,13231255,0.042,La Cara Oculta,2012
Finland,2,,11569848,0.036,Iron Sky,2012
Argentina,11,,9832718,0.031,Elefante blanco,2012
Indonesia,2,1100000,9310046,0.029,Serbuan maut,2012
Austria,8,,8203063,0.026,360,2012
Netherlands,7,,5818577,0.018,De Heineken ontvoering,2012
Israel,7,,5755870,0.018,Lemale et ha'halal,2012
Chile,7,,3245380,0.010,Bonsai,2012
Philippines,3,,2636163,0.008,In the Name of Love,2012
Malaysia,1,,2323543,0.007,Seefood,2012
Northern Ireland,1,,1702415,0.005,2012 Oscar Shorts,2012
Pakistan,1,,1702415,0.005,2012 Oscar Shorts,2012
Switzerland,1,,1102869,0.003,L'enfant d'en haut,2012
Iceland,1,,686545,0.002,Svartur a leik,2012
Islamic Republic of Iran,2,,612529,0.002,Darbareye Elly,2012
Portugal,2,,566860,0.002,Tabu,2012
Egypt,1,,531813,0.002,"Et maintenant, on va où?",2012
Lebanon,1,,531813,0.002,"Et maintenant, on va où?",2012
Bahamas,1,,443291,0.001,The Last Reef 3D,2012
French Polynesia,1,,443291,0.001,The Last Reef 3D,2012
Palau,1,,443291,0.001,The Last Reef 3D,2012
Greece,2,,363705,0.001,Alpeis,2012
Lithuania,1,500000,314444,0.001,The Other Dream Team,2012
Occupied Palestinian T…,1,,283292,0.001,5 Broken Cameras,2012
Albania,1,,224887,0.001,The Forgiveness of Blood,2012
Cuba,1,,97509,0.000,Juan de los Muertos,2012
Uruguay,1,,69758,0.000,Selkirk El Verdadero Robinson Crusoe,2012
Slovakia,2,,35875,0.000,Evil,2012
Peru,1,,24819,0.000,Los Ilusionautas,2012
Nepal,2,,17283,0.000,When the Iron Bird Flies,2012
Uganda,1,,11946,0.000,Call Me Kuchu,2012
Bhutan,1,,3685,0.000,Yangsi,2012
Bosnia and Herzegovina,1,,3468,0.000,Cirkus Columbia,2012
Serbia,1,,3468,0.000,Cirkus Columbia,2012
Slovenia,1,,3468,0.000,Cirkus Columbia,2012
Luxembourg,1,,3358,0.000,Nuit Blanche,2012
Dominican Republic,1,500000,,,,2012
Georgia,1,,,,,2012
Iraq,1,,,,,2012
Kazakhstan,1,,,,,2012
Tajikistan,1,,,,,2012
United States,823,41698385,25985005992,86.509,Frozen,2013
United Kingdom,100,23809524,1599466153,5.325,Gravity,2013
China,41,23300000,1131499929,3.767,Xi you xiang mo pian,2013
New Zealand,7,165000000,1084610927,3.611,The Hobbit: The Desolation of Smaug,2013
Republic of Korea,29,24750000,734786941,2.446,Miracle in Cell No. 7 (7번방의 선물)…,2013
Japan,39,20666667,568389533,1.892,The Wind Rises (風立ちぬ),2013
India,48,11400000,486421812,1.619,The Attacks of 26/11,2013
France,98,11704167,404780873,1.348,The Purge,2013
Canada,72,13646250,404375647,1.346,Mama,2013
Germany,38,23666667,347875977,1.158,Fack ju Göthe,2013
Hong Kong,15,22000000,271826727,0.905,Jing cha gu shi er ling yi san,2013
Spain,27,18500000,252877309,0.842,Mama,2013
Mexico,12,5333333,137926627,0.459,No se Aceptan Devoluciones,2013
Australia,20,80000000,126483706,0.421,Walking with Dinosaurs,2013
Italy,23,6550000,123446269,0.411,Sole A Catinelle,2013
Russian Federation,7,4000000,105133241,0.350,Stalingrad,2013
Philippines,3,,76354174,0.254,Miracle In Cell No. 7,2013
South Africa,14,17000000,69608168,0.232,Mandela: Long Walk to Freedom,2013
Latvia,2,9500000,48359201,0.161,Bereurlin,2013
Belgium,17,2625000,45160309,0.150,Boule et Bill,2013
Luxembourg,4,,27979485,0.093,Boule et Bill,2013
Greece,2,3000000,23240749,0.077,Before Midnight,2013
Islamic Republic of Iran,1,8000000,15752575,0.052,Le passé,2013
Portugal,3,,15344136,0.051,La Cage Doree,2013
Sweden,4,,13945849,0.046,Diana,2013
Bulgaria,1,18000000,11813989,0.039,Getaway,2013
Peru,2,,9200028,0.031,Asu Mare,2013
Switzerland,5,,8152113,0.027,Das kleine Gespenst,2013
Ireland,7,,7484257,0.025,The Angels’ Share,2013
Denmark,8,2400000,7403999,0.025,Only God Forgives,2013
Brazil,8,3000000,7145000,0.024,Somos Tao Jovens,2013
Norway,6,1000000,6604611,0.022,Wakolda,2013
Chile,6,,5937206,0.020,No,2013
Argentina,11,,5465283,0.018,Wakolda,2013
Egypt,3,2625000,4263721,0.014,L’attentat,2013
Thailand,4,,3442571,0.011,Tom yum goong 2,2013
Qatar,1,3750000,3237975,0.011,L’attentat,2013
Cyprus,1,,3006761,0.010,Only Lovers Left Alive,2013
Israel,9,1500000,2915277,0.010,The Gatekeepers,2013
Netherlands,5,,2381890,0.008,App,2013
Afghanistan,4,,2301299,0.008,2013 Oscar Shorts,2013
Ukraine,1,,2146998,0.007,The Saratov Approach,2013
Colombia,2,,1521341,0.005,Sur le chemin de l'ecole,2013
Singapore,2,,1328680,0.004,Ilo Ilo,2013
Papua New Guinea,2,,934984,0.003,Mr. Pip,2013
Cambodia,2,,860033,0.003,Girl Rising,2013
Austria,7,,804756,0.003,Paradies: Glaube,2013
Occupied Palestinian T…,2,,791476,0.003,Omar,2013
Cuba,2,,735802,0.002,Una Noche,2013
Croatia,1,,165280,0.001,Kauboji,2013
Poland,3,,148889,0.000,The Congress,2013
Armenia,1,,122305,0.000,Lost and Found in Armenia,2013
Lithuania,1,,120459,0.000,Spark: A Burning Man Story,2013
Malaysia,1,,97481,0.000,Vikingdom,2013
Morocco,1,,96277,0.000,Les chevaux de Dieu,2013
Rwanda,1,,50796,0.000,Rising From Ashes,2013
Algeria,1,,49195,0.000,Né quelque part,2013
Belarus,2,,44361,0.000,V tumane,2013
Bangladesh,1,,42733,0.000,The Human Scale,2013
Haiti,1,,41873,0.000,GMO OMG,2013
Montenegro,1,,18938,0.000,Smash & Grab: The Story of the Pink P…,2013
Serbia,1,,18938,0.000,Smash & Grab: The Story of the Pink P…,2013
Pakistan,2,,14000,0.000,These Birds Walk,2013
Puerto Rico,2,,12827,0.000,200 Cartas,2013
Cameroon,1,,10549,0.000,I am a Girl,2013
Bolivarian Republic of…,1,,9593,0.000,Esclavo de Dios,2013
Senegal,1,,8836,0.000,La pirogue,2013
Turkey,1,,3587,0.000,Sevgi tasi,2013
Paraguay,1,,2614,0.000,Lectura Según Justino,2013
Romania,2,,398,0.000,Diaz: Don't Clean Up This Blood,2013
Czech Republic,1,,,,,2013
Georgia,1,,,,,2013
Guatemala,1,,,,,2013
Hungary,1,,,,,2013
Jamaica,1,,,,,2013
Malta,1,,,,,2013
Panama,1,,,,,2013
"Taiwan, Province of China",1,,,,,2013
Uruguay,1,,,,,2013
United States,938,34546524,25854887954,85.616,Transformers: Age of Extinction,2014
China,43,,1683581814,5.575,The Taking of Tiger Mountain,2014
France,110,16563333,1358357694,4.498,Lucy,2014
New Zealand,8,84166667,948986031,3.142,The Hobbit: The Battle of the Five Ar…,2014
United Kingdom,118,13700000,935209803,3.097,The Fault in Our Stars,2014
Republic of Korea,21,30000000,688480247,2.280,Myeong-ryang,2014
Australia,28,24625000,638527379,2.114,The Lego Movie,2014
Canada,82,9556182,556737724,1.844,The Fault in Our Stars,2014
Hong Kong,25,7000000,475355147,1.574,Xi you ji: Da nao tian gong,2014
Germany,52,31940000,444436636,1.472,The Monuments Men,2014
India,61,1700000,295705043,0.979,P.K.,2014
Belgium,14,22500000,216408938,0.717,La famille Bélier,2014
Japan,27,,185968410,0.616,Stand By Me Doraemon,2014
Spain,36,13750000,169897078,0.563,Ocho Apellidos Vascos,2014
Turkey,14,22500000,81335965,0.269,The Water Diviner,2014
Italy,19,,68647205,0.227,"Il Ricco, il Povero e il Maggiordomo",2014
Ireland,15,8000000,44046029,0.146,Calvary,2014
Netherlands,13,,37858881,0.125,Gooische Vrouwen II,2014
Denmark,15,5733333,36772139,0.122,Ida,2014
Poland,6,2600000,34726361,0.115,Ida,2014
Argentina,16,200000,32674898,0.108,Relatos salvajes,2014
Russian Federation,10,,30211740,0.100,Snezhnaya koroleva 2,2014
Brazil,12,2250000,16807664,0.056,The Salt of the Earth,2014
Mexico,12,2650000,13900352,0.046,Cantinflas,2014
Luxembourg,4,,11742796,0.039,Song of the Sea,2014
Norway,7,3300000,8940968,0.030,Ragnarok,2014
Sweden,13,,7390045,0.024,Turist,2014
Mauritania,1,2500000,6815821,0.023,Timbuktu,2014
Bolivarian Republic of…,4,,3938747,0.013,Pelo malo,2014
Switzerland,5,,3228261,0.011,Clouds of Sils Maria,2014
Indonesia,1,,2625803,0.009,Serbuan maut 2: Berandal,2014
Chile,3,,2598396,0.009,Gloria,2014
Finland,6,,2370570,0.008,2014 Oscar Shorts,2014
United Arab Emirates,1,,2357890,0.008,2014 Oscar Shorts,2014
Yemen,1,,2357890,0.008,2014 Oscar Shorts,2014
Israel,7,,1357708,0.004,The Green Prince,2014
Hungary,3,,785435,0.003,Feher isten,2014
Iceland,2,,760047,0.003,Land Ho!,2014
Lao People’s Democrati…,1,,591749,0.002,The Rocket,2014
Thailand,2,,591749,0.002,The Rocket,2014
Portugal,6,,528036,0.002,Os Gatos não Têm Vertigens,2014
Afghanistan,1,,312706,0.001,The Hornet’s Nest,2014
Romania,3,1500000,223620,0.001,Pozitia copiului,2014
Bahamas,1,,137271,0.000,The Bag Man,2014
Singapore,1,,134452,0.000,Battle of the Damned,2014
Paraguay,2,,116390,0.000,7 cajas,2014
Austria,6,,113657,0.000,A nagy füzet,2014
Philippines,4,,93294,0.000,Maybe This Time,2014
Nigeria,2,,92399,0.000,Half of a Yellow Sun,2014
Holy See (Vatican City…,1,,85479,0.000,The Vatican Museums 3D,2014
Georgia,1,,79316,0.000,Grzeli nateli dgeebi,2014
Islamic Republic of Iran,3,,54935,0.000,Parde,2014
Cambodia,1,,52434,0.000,L'image manquante,2014
Iraq,1,,35899,0.000,My Sweet Pepper Land,2014
Latvia,1,,34236,0.000,Rocks in My Pockets,2014
Greenland,1,,33416,0.000,Ekspeditionen til verdens ende,2014
Morocco,1,,33189,0.000,Rock the Casbah,2014
Czech Republic,2,,16878,0.000,Hank and Asha,2014
Bulgaria,2,3500000,14808,0.000,The Savior,2014
Jordan,1,,14808,0.000,The Savior,2014
Occupied Palestinian T…,2,,14808,0.000,The Savior,2014
Malaysia,1,,13385,0.000,War of the World's Goliath,2014
"Taiwan, Province of China",6,,10433,0.000,Jiao you,2014
Angola,1,,4674,0.000,Death Metal Angola,2014
Egypt,1,,4506,0.000,Jews of Egypt,2014
Azerbaijan,1,,,,,2014
Belarus,1,,,,,2014
Colombia,2,,,,,2014
Estonia,1,,,,,2014
Haiti,1,,,,,2014
Kazakhstan,1,,,,,2014
Kenya,2,15000,,,,2014
Kyrgyzstan,1,1400000,,,,2014
Mongolia,1,,,,,2014
Nepal,2,,,,,2014
Nicaragua,1,,,,,2014
Puerto Rico,1,,,,,2014
Somalia,1,,,,,2014
South Africa,3,2007500,,,,2014
Uganda,1,,,,,2014
Ukraine,2,,,,,2014
Viet Nam,1,,,,,2014
United States,"1,147",29876571,27064627563,74.527,Star Wars Ep. VII: The Force Awakens,2015
China,198,36625000,4378583246,12.057,Zhuo yao ji,2015
United Kingdom,232,26121955,2392997224,6.590,Spectre,2015
France,253,19972409,1337622319,3.683,Taken 3,2015
Japan,121,5500000,770133334,2.121,Meitantei Conan: Goka no himawari,2015
Republic of Korea,93,10000000,764833891,2.106,Assassination,2015
Hong Kong,53,30500000,589702015,1.624,Yip Man 3,2015
India,117,17600000,527701821,1.453,Bajrangi Bhaijaan,2015
Germany,114,4070000,420518185,1.158,Fack ju Gohte 2,2015
Spain,104,15337500,214858155,0.592,Ocho apellidos catalanes,2015
Italy,92,18000000,179846312,0.495,Youth,2015
Russian Federation,75,21000000,178686483,0.492,Viy,2015
Turkey,100,1400000,152322391,0.419,Dügün Dernek 2: Sünnet,2015
Canada,119,9563333,151081676,0.416,Brooklyn,2015
Ireland,22,7325000,145650197,0.401,Brooklyn,2015
Belgium,45,17123250,111550931,0.307,Ooops! Noah is Gone,2015
"Taiwan, Province of China",24,15000000,107268364,0.295,Our Times,2015
Brazil,40,6200000,87154250,0.240,Loucas pra Casar,2015
Australia,49,19380000,68966860,0.190,The Dressmaker,2015
Netherlands,46,2650000,68336388,0.188,The Lobster,2015
Switzerland,19,13000000,62468811,0.172,Heidi,2015
Mexico,27,10675000,60723496,0.167,Un gallo con muchos huevos,2015
Czech Republic,14,26000000,50642399,0.139,Viy,2015
Argentina,52,5500000,49371974,0.136,El Clan,2015
Luxembourg,5,9350000,47610595,0.131,Ooops! Noah is Gone,2015
Ukraine,7,26000000,43401217,0.120,Viy,2015
Chile,11,13500000,36034994,0.099,The 33,2015
South Africa,14,,35899945,0.099,Heidi,2015
Denmark,20,6650000,31685901,0.087,Fasandræberne,2015
Poland,20,800000,25707555,0.071,Listy do M. 2,2015
Sweden,13,,22419610,0.062,Fasandræberne,2015
Greece,5,4500000,19435818,0.054,The Lobster,2015
Austria,18,,19305983,0.053,"Hilfe, Ich Hab Meine Lehrerin Geschru…",2015
Philippines,13,,12121936,0.033,Heneral Luna,2015
Hungary,4,4746500,12059428,0.033,Saul fia,2015
Islamic Republic of Iran,3,,11241786,0.031,Taxi,2015
Norway,17,10000000,7159308,0.020,2015 Oscar Shorts,2015
Israel,16,875000,6023246,0.017,2015 Oscar Shorts,2015
Portugal,16,800000,5191445,0.014,O Pátio das Cantigas,2015
Egypt,2,,4843164,0.013,Ahwak,2015
Thailand,17,9000000,4490234,0.012,Xuan feng jiu ri,2015
Malaysia,4,,4010761,0.011,Ribbit,2015
Panama,2,17000000,3992652,0.011,Escobar: Paradise Lost,2015
Viet Nam,1,,3876671,0.011,Em La Ba Noi Cua Anh,2015
Finland,6,,3841309,0.011,Big Game,2015
New Zealand,12,1905000,3755149,0.010,Slow West,2015
Qatar,5,6267500,2658551,0.007,Kahlil Gibran's The Prophet,2015
Iceland,3,10000000,2525660,0.007,Hrutar,2015
Bulgaria,5,,2179459,0.006,Karbala,2015
Malta,2,,2029563,0.006,Mega Mindy Versus ROX,2015
Puerto Rico,3,1000000,1763038,0.005,Back to the Beginning,2015
Slovakia,4,,1589896,0.004,RYTMUS sídliskový sen,2015
Lebanon,3,12000000,1185319,0.003,Kahlil Gibran's The Prophet,2015
Nepal,2,,1160888,0.003,Sherpa,2015
Jordan,3,2767500,1132052,0.003,Theeb,2015
Cuba,5,,1086194,0.003,Meñique y el espejo mágico,2015
United Arab Emirates,4,330000,1047088,0.003,Theeb,2015
Georgia,4,,1029224,0.003,Mandariinid,2015
Estonia,4,,928869,0.003,Mandariinid,2015
Pakistan,8,900000,668687,0.002,Bin Roye,2015
Guatemala,1,,590207,0.002,Ixcanul,2015
Vanuatu,1,,574050,0.002,Tanna,2015
Slovenia,4,560000,544014,0.001,Zvizdan,2015
Croatia,2,,463578,0.001,Zvizdan,2015
Serbia,2,,463578,0.001,Zvizdan,2015
Ghana,1,,397122,0.001,Freetown,2015
Singapore,5,,335556,0.001,3688,2015
Uruguay,3,,161865,0.000,Mr. Kaplan,2015
Lithuania,4,,159492,0.000,L'adopció,2015
Dominican Republic,2,,148797,0.000,El rey de La Habana,2015
Cambodia,2,,133443,0.000,Don't Think I've Forgotten: Cambodia'…,2015
Albania,1,,106930,0.000,Vergine giurata,2015
Republic of Kosovo,1,,106930,0.000,Vergine giurata,2015
Ethiopia,3,,92525,0.000,Difret,2015
Peru,5,1200000,64648,0.000,The Debt,2015
Romania,2,168000,55541,0.000,Lumea e a mea,2015
Nigeria,4,3800000,45927,0.000,Black November,2015
Plurinational State of…,2,,44201,0.000,Olvidados,2015
Monaco,1,,41875,0.000,Fabergé: A Life Of Its Own,2015
Syrian Arab Republic,1,,34808,0.000,A Syrian Love Story,2015
Senegal,1,,28059,0.000,Sembene!,2015
Cyprus,2,5000000,12482,0.000,Emptying The Skies,2015
Iraq,1,,6953,0.000,Iraqi Odyssey,2015
Colombia,4,,6925,0.000,El páramo,2015
Occupied Palestinian T…,1,,5680,0.000,The Wanted 18,2015
Afghanistan,1,,4021,0.000,Tell Spring Not to Come This Year,2015
Morocco,2,,3929,0.000,L'armee du salut,2015
Macao,1,,3434,0.000,Qing zhou shan shang,2015
Lesotho,1,,3355,0.000,The Forgotten Kingdom,2015
Bhutan,1,,1133,0.000,Arrows of the Thunder Dragon,2015
Jamaica,1,750000,450,0.000,Destiny,2015
Algeria,1,1300000,,,,2015
Bosnia and Herzegovina,1,,,,,2015
The Democratic Republi…,1,,,,,2015
Ecuador,1,800000,,,,2015
Indonesia,3,800000,,,,2015
Kenya,1,,,,,2015
Latvia,1,,,,,2015
Liberia,1,,,,,2015
Montenegro,1,,,,,2015
United Republic of Tan…,3,800000,,,,2015
Bolivarian Republic of…,2,,,,,2015
United States,989,43310957,28308930077,76.413,Captain America: Civil War,2016
China,308,60086667,3744178176,10.106,Mei Ren Yu,2016
Japan,132,7375000,1371128180,3.701,Your Name,2016
Republic of Korea,119,10650000,946663545,2.555,Busanhaeng,2016
France,276,10333333,919354065,2.482,Ballerina,2016
Hong Kong,37,43600000,902033141,2.435,The Monkey King 2 (西游记之孙悟空三打白骨精)…,2016
United Kingdom,238,11163750,754726237,2.037,Bridget Jones’s Baby,2016
India,194,11128571,674552901,1.821,Dangal,2016
Finland,10,37125000,374544428,1.011,The Angry Birds Movie,2016
Russian Federation,119,4500000,263147834,0.710,Ekipazh,2016
Italy,103,,211845808,0.572,Quo Vado?,2016
Germany,105,6056250,198751523,0.536,Willkommen bei den Hartmanns,2016
Canada,104,7397222,198199855,0.535,Ballerina,2016
Belgium,66,10520000,188789690,0.510,Robinson Crusoe,2016
Australia,46,10741667,185850752,0.502,Lion,2016
Spain,111,43000000,182817272,0.493,A Monster Calls,2016
Brazil,69,3500000,164013775,0.443,The Witch,2016
Turkey,142,,125165962,0.338,Dağ 2,2016
Netherlands,58,3000000,76242183,0.206,Love & Friendship,2016
Poland,35,3700000,70544318,0.190,Pitbull: Niebezpieczne Kobiety,2016
Mexico,38,3000000,62755664,0.169,¿Qué Culpa Tiene el Niño?,2016
Argentina,157,1400000,55309021,0.149,Me Case con un Boludo,2016
New Zealand,22,5987500,52887857,0.143,Hunt for the Wilderpeople,2016
Chile,7,9000000,45927314,0.124,Jackie,2016
Ireland,28,3500000,43339453,0.117,Love & Friendship,2016
Czech Republic,44,,37172628,0.100,Anděl Páně 2,2016
Estonia,6,1250000,22059662,0.060,1944,2016
Thailand,7,,17034917,0.046,Pattaya,2016
South Africa,10,,16676706,0.045,Der Geilste Tag,2016
Switzerland,17,8000000,13840811,0.037,Ma vie de Courgette,2016
"Taiwan, Province of China",15,,12378152,0.033,Inside or Outside (China),2016
Islamic Republic of Iran,9,,11937255,0.032,Forushande,2016
Norway,12,,10849392,0.029,En man som heter Ove,2016
Sweden,18,,10483041,0.028,En man som heter Ove,2016
Slovakia,17,,9730680,0.026,Lída Baarová,2016
The Former Yugoslav Re…,5,,7343764,0.020,À fond,2016
Denmark,17,7500000,6017108,0.016,The Neon Demon,2016
Israel,22,,5742166,0.015,Bar Bahar,2016
Mongolia,3,,5631241,0.015,The Eagle Huntress,2016
Cuba,4,,5378895,0.015,Papa: Hemingway in Cuba,2016
Bolivarian Republic of…,3,1400000,4938351,0.013,El abrazo de la serpiente,2016
Austria,15,,4830228,0.013,2016 Oscar Shorts,2016
Colombia,7,1400000,4807474,0.013,El abrazo de la serpiente,2016
Portugal,29,,4176094,0.011,100 Metros,2016
Pakistan,11,,4125856,0.011,2016 Oscar Shorts,2016
Lithuania,10,,3994684,0.011,Tarp Musu Berniuku,2016
Philippines,20,,3919271,0.011,Everything About Her,2016
Hungary,9,3000000,3855271,0.010,Fallen,2016
Armenia,4,,3780081,0.010,Zemletryasenie,2016
Occupied Palestinian T…,5,,3262770,0.009,2016 Oscar Shorts,2016
Viet Nam,3,,2875523,0.008,2016 Oscar Shorts,2016
Republic of Kosovo,1,,2816816,0.008,2016 Oscar Shorts,2016
Singapore,3,,2725864,0.007,Distance,2016
Greece,8,,2398125,0.006,Little Men,2016
Romania,11,,2117075,0.006,Bacalaureat,2016
Iceland,5,,1968903,0.005,L'Effet Aquatique,2016
Dominican Republic,1,225000,1611592,0.004,Embrace,2016
Slovenia,9,,1458843,0.004,Pr' Hostar,2016
Luxembourg,6,,1129570,0.003,Egon Schiele: Tod und Mädchen,2016
Serbia,4,,1040610,0.003,Na mlecnom putu,2016
Bulgaria,16,,795566,0.002,11th A Grade,2016
Cambodia,2,,522026,0.001,Chasing Asylum,2016
Afghanistan,3,,441798,0.001,Chasing Asylum,2016
Indonesia,1,,440413,0.001,Chasing Asylum,2016
Lebanon,1,,440413,0.001,Chasing Asylum,2016
Qatar,5,,411443,0.001,Under the Shadow,2016
Croatia,6,,394354,0.001,Sieranevada,2016
Kazakhstan,5,,385045,0.001,Bride Sabina 2,2016
Tunisia,3,,369485,0.001,Inhebek Hedi,2016
Latvia,4,,355533,0.001,V paprscích slunce,2016
Uruguay,8,,338558,0.001,Boi neon,2016
Nigeria,3,,263801,0.001,A Trip to Jamaica,2016
Malaysia,1,,257650,0.001,Girls' Generation,2016
Bosnia and Herzegovina,5,,221410,0.001,Sieranevada,2016
Peru,6,,205482,0.001,The Nutcracker Sweet,2016
Jordan,1,,151923,0.000,Under the Shadow,2016
Morocco,2,,108619,0.000,Mimosas,2016
Yemen,1,,108240,0.000,Ana Nojoom bent alasherah wamotalagah,2016
Jamaica,2,,57198,0.000,I Am Bolt,2016
United Arab Emirates,1,,50743,0.000,À peine j’ouvre les yeux,2016
Egypt,1,,42913,0.000,Al Ma' wal Khodra wal Wajh al Hassan,2016
Northern Ireland,2,,36627,0.000,The Survivalist,2016
Ukraine,2,,31359,0.000,Crocodile Gennadiy,2016
Nepal,3,,27585,0.000,Hannah: Buddhism’s Untold Journey,2016
Paraguay,2,,27474,0.000,Landfill Harmonic,2016
Bahrain,1,,19130,0.000,Hannah: Buddhism’s Untold Journey,2016
Ethiopia,1,,15663,0.000,Lee Scratch Perry's Vision of Paradise,2016
Myanmar,2,,8077,0.000,Golden Kingdom,2016
Belarus,1,,7249,0.000,The Code of Cain,2016
Iraq,2,,5448,0.000,The Woman of My Life,2016
Monaco,1,,3288,0.000,Gray Matters,2016
Uzbekistan,1,,3024,0.000,Dom dlya rusalok,2016
Mali,1,,1939,0.000,Salafists,2016
Mauritania,1,,1939,0.000,Salafists,2016
Kyrgyzstan,1,,1238,0.000,Sutak,2016
Ecuador,1,,1224,0.000,Ochentaisiete,2016
Rwanda,1,,1196,0.000,A Small Good Thing,2016
Costa Rica,2,,715,0.000,Viaje,2016
Cape Verde,1,,470,0.000,Povo Inventado - Ecos de Cabo Verde,2016
Albania,1,,,,,2016
Belize,1,,,,,2016
Haiti,1,,,,,2016
Kiribati,1,,,,,2016
Republic of Moldova,1,,,,,2016
Nicaragua,1,,,,,2016
Puerto Rico,2,,,,,2016
United States,"1,131",50086643,27525643177,72.178,Star Wars Ep. VIII: The Last Jedi,2017
China,280,17481250,4654649165,12.205,Wolf Warrior 2 (战狼2),2017
United Kingdom,265,35193157,2355569689,6.177,Dunkirk,2017
France,273,53166667,1734924865,4.549,Dunkirk,2017
India,280,17250000,1313637689,3.445,Baahubali 2: The Conclusion,2017
Japan,146,,1078993771,2.829,Yao Mao Zhuan,2017
Republic of Korea,119,20212500,993538472,2.605,Along With The Gods: The Two Worlds,2017
Hong Kong,39,18750000,701632424,1.840,Yao Mao Zhuan,2017
Netherlands,53,150000000,550336270,1.443,Dunkirk,2017
Germany,110,28875000,299286089,0.785,Fack ju Göhte 3,2017
Russian Federation,107,5596000,276101467,0.724,Dvizhenie Vverkh,2017
Spain,124,31700000,258447946,0.678,Tadeo Jones 2: El Secreto del Rey Midas,2017
Belgium,53,,228553530,0.599,Raid Dingue,2017
Canada,112,18868000,199609044,0.523,The Nut Job 2: Nutty by Nature,2017
Italy,110,3500000,169507306,0.444,Call Me by Your Name,2017
Denmark,26,38750000,161534401,0.424,The Lego Ninjago Movie,2017
Australia,62,46170000,161486784,0.423,King Arthur: Legend of the Sword,2017
Turkey,152,,148107662,0.388,Recep Ivedik 5,2017
Brazil,45,3500000,97259819,0.255,Call Me by Your Name,2017
Czech Republic,30,20000000,70641816,0.185,The Adventurers,2017
Poland,38,692000,68723866,0.180,Listy Do M3,2017
Thailand,8,,42605099,0.112,Bad Genius,2017
Bolivarian Republic of…,2,,41950677,0.110,Papita 2da Base,2017
Argentina,183,,39539008,0.104,Mamá se fue de viaje,2017
Ireland,31,,39386638,0.103,Maudie,2017
Mexico,25,,36469578,0.096,3 Idiotas,2017
Luxembourg,5,,28300982,0.074,Drôles de petites bêtes,2017
Sweden,26,7500000,26149055,0.069,Borg vs McEnroe,2017
Bulgaria,25,,19399970,0.051,Loving Pablo,2017
Finland,9,6250000,18142500,0.048,Borg vs McEnroe,2017
Chile,12,,17605693,0.046,Hazlo Como Hombre,2017
Norway,13,,17376793,0.046,A Stork's Journey,2017
Slovakia,20,,13528571,0.035,Po strništi bos,2017
"Taiwan, Province of China",16,,11761533,0.031,DiDi's Dreams,2017
Israel,22,,9696568,0.025,Norman: The Moderate Rise and Tragic …,2017
Peru,6,,7274492,0.019,Condorito: La Pelicula,2017
Lithuania,13,,6734015,0.018,Trys milijonai eurų,2017
Switzerland,17,,6596629,0.017,2017 Oscar Shorts,2017
Romania,8,,5380280,0.014,The Crucifixion,2017
Hungary,10,,5191967,0.014,2017 Oscar Shorts,2017
Austria,14,,3985921,0.010,Happy End,2017
Ukraine,5,,3930317,0.010,Čiara,2017
Lebanon,5,,3870841,0.010,L’insulte,2017
New Zealand,23,,3805749,0.010,Pork Pie,2017
Greece,8,,3144708,0.008,2017 Oscar Shorts,2017
Portugal,33,,2855571,0.007,Zama,2017
South Africa,15,,1754257,0.005,Where has the Time Gone?,2017
Islamic Republic of Iran,13,,1591073,0.004,Lerd,2017
Colombia,9,,1583732,0.004,Jungle,2017
Malaysia,3,,1537935,0.004,Haunted Road 2,2017
Myanmar,1,,1351420,0.004,Le Redoutable,2017
Pakistan,10,,1280879,0.003,Noces,2017
Philippines,13,,913737,0.002,Patay na si Hesus,2017
The Former Yugoslav Re…,2,,832253,0.002,Heights,2017
Georgia,4,,793603,0.002,Chemi Bednieri Ojakhi,2017
United Arab Emirates,3,30000000,652308,0.002,Bilal: A New Breed of Hero,2017
Saudi Arabia,1,30000000,648599,0.002,Bilal: A New Breed of Hero,2017
Qatar,2,,571693,0.001,Ava,2017
Croatia,2,,394923,0.001,Voevoda,2017
Cuba,4,,394036,0.001,Buena Vista Social Club—Adios,2017
Tunisia,2,,353325,0.001,L'Ordine Delle Cose,2017
Senegal,1,,263744,0.001,Félicité,2017
Cook Islands,1,,186978,0.000,Gary of the Pacific,2017
Singapore,3,,160531,0.000,Pop Aye,2017
Egypt,3,,149667,0.000,Eshtebak,2017
Iceland,10,,139973,0.000,La Chana,2017
Nigeria,6,,92248,0.000,The Wedding Party 2: Destination Dubai,2017
Indonesia,2,,74769,0.000,Headshot,2017
Kazakhstan,1,,72909,0.000,Ona,2017
Occupied Palestinian T…,1,,68194,0.000,Summer in the Forest,2017
Uruguay,4,,45085,0.000,El Candidato,2017
Angola,1,,42604,0.000,A Ilha dos Cães,2017
Algeria,1,,40491,0.000,Zeus,2017
Afghanistan,2,,30531,0.000,No Greater Love,2017
Kenya,2,,26421,0.000,The Pirates Of Somalia,2017
Somalia,1,,26421,0.000,The Pirates Of Somalia,2017
Sudan,1,,26421,0.000,The Pirates Of Somalia,2017
Serbia,2,,25569,0.000,Stado,2017
Namibia,2,,25038,0.000,Trophy,2017
Zimbabwe,1,,25038,0.000,Trophy,2017
Viet Nam,4,,16414,0.000,Ve Si Sai Gon,2017
Ghana,2,,8643,0.000,Ghana Must Go,2017
Puerto Rico,3,,8602,0.000,Extortion,2017
Slovenia,2,,8147,0.000,Anina Provizija,2017
Iraq,2,,6677,0.000,Remember Baghdad,2017
Morocco,2,,5075,0.000,Neckan,2017
Estonia,1,,3508,0.000,Teesklejad,2017
Panama,2,,3410,0.000,Mas Que Hermanos,2017
Azerbaijan,1,,2924,0.000,Aska Geldik,2017
Mozambique,1,,1739,0.000,Comboio de Sal e Açucar,2017
Plurinational State of…,1,,1494,0.000,Salt And Fire,2017
Nepal,3,,1375,0.000,Jatra,2017
Barbados,1,,1105,0.000,A Caribbean Dream,2017
Antarctica,2,,976,0.000,The Penguin Counters,2017
Paraguay,1,,966,0.000,Ejercicios de memoria,2017
Ecuador,1,,539,0.000,Mono con gallinas,2017
Albania,1,,,,,2017
Bahamas,1,,,,,2017
Cambodia,1,,,,,2017
Dominican Republic,2,,,,,2017
Ethiopia,1,,,,,2017
Guatemala,1,,,,,2017
Isle of Man,1,,,,,2017
Mali,1,,,,,2017
Federated States of Mi…,1,,,,,2017
Mongolia,1,,,,,2017
Solomon Islands,1,,,,,2017
Syrian Arab Republic,3,,,,,2017
Vanuatu,1,,,,,2017
United States,"1,377",41764972,28257665030,73.466,Avengers: Infinity War,2018
China,330,41000000,4958930315,12.892,Detective Chinatown 2 (唐人街探案),2018
United Kingdom,327,36995000,2781063190,7.230,Bohemian Rhapsody,2018
France,277,25130000,1064758191,2.768,Johnny English Strikes Again,2018
Japan,143,8500000,1049265563,2.728,Dragon Ball Super: Broly,2018
Republic of Korea,132,13650000,775226405,2.015,Singwa Hamgge: Ingwa Yeon,2018
India,264,,689050741,1.791,2.0,2018
Australia,77,19433333,553314685,1.439,Peter Rabbit,2018
Hong Kong,24,,498208964,1.295,Wu Shuang,2018
Sweden,23,59000000,453497930,1.179,Mamma Mia: Here We Go Again!,2018
Germany,138,7800000,268237725,0.697,Mia et le lion blanc,2018
Russian Federation,139,5426373,262383531,0.682,T-34,2018
Italy,129,24000000,248215328,0.645,Sicario: Day of the Soldado,2018
Spain,164,14500000,218986440,0.569,Campeones,2018
"Taiwan, Province of China",10,,153903584,0.400,Bi Bei Shang Geng Bei Shang De Gu Shi,2018
Poland,33,6900000,137049357,0.356,Kler,2018
Belgium,67,15937500,130346628,0.339,Tout le Monde Debout,2018
Turkey,175,,126155906,0.328,Müslüm,2018
New Zealand,13,100000000,111275228,0.289,Mortal Engines,2018
Ireland,33,15000000,109683411,0.285,The Favourite,2018
Canada,156,15000000,89691282,0.233,Paw Patrol Mighty Pups: The Movie,2018
Brazil,52,,88629584,0.230,Nada a Perder,2018
Mexico,55,15000000,85098316,0.221,Ya Veremos,2018
Lebanon,7,4000000,65534768,0.170,Cafarnaúm,2018
Netherlands,47,1025000,51780461,0.135,Girl,2018
South Africa,14,,39609532,0.103,Mia et le lion blanc,2018
Argentina,169,,38449495,0.100,All Inclusive,2018
Denmark,26,8000000,31651055,0.082,Luis Und Die Aliens,2018
Luxembourg,9,40000000,30937086,0.080,Luis Und Die Aliens,2018
Czech Republic,40,,30291083,0.079,Teambuilding,2018
Hungary,8,,18963918,0.049,Colette,2018
Switzerland,24,,18048942,0.047,Die Kleine Hexe,2018
Romania,11,38000000,15268584,0.040,The Sisters Brothers,2018
Iceland,6,,9304267,0.024,Ploey: You Never Fly Alone,2018
Ukraine,7,,8733232,0.023,Vykradena pryntsesa: Ruslan i Ludmila,2018
Thailand,6,,8562679,0.022,7 Guardians of the Tomb,2018
Serbia,5,,8109083,0.021,Papillon,2018
Malta,2,,7776220,0.020,Papillon,2018
Montenegro,1,,7776220,0.020,Papillon,2018
Norway,19,3700000,7345226,0.019,Skjelvet,2018
Lithuania,20,,6507561,0.017,Ashes in the Snow,2018
Portugal,39,,5939987,0.015,El Hombre que mato a Don Quijote,2018
Cuba,5,,4697720,0.012,Yuli,2018
Slovakia,16,,4633847,0.012,Čertí brko,2018
Indonesia,8,,4150114,0.011,Wiro Sableng 212,2018
Israel,23,,3770457,0.010,Foxtrot,2018
Singapore,4,,3741352,0.010,The Extraordinary Journey of the Fakir,2018
Kenya,3,,3687635,0.010,2018 Oscar Shorts,2018
Islamic Republic of Iran,8,,3405720,0.009,Se Rokh,2018
Uruguay,14,,2997384,0.008,No dormirás,2018
Bulgaria,19,,2862065,0.007,Ahlat Agaci,2018
Qatar,9,,2793453,0.007,Ahlat Agaci,2018
Austria,17,,2454889,0.006,The Dawn Wall,2018
Peru,4,,2311533,0.006,¡Asu Mare! 3,2018
Dominican Republic,4,,2225571,0.006,Cómplices,2018
Bosnia and Herzegovina,3,,1992036,0.005,Ahlat Agaci,2018
Malaysia,6,,1949851,0.005,Wheely,2018
Philippines,16,,1839877,0.005,The Hows of Us,2018
Colombia,11,,1799731,0.005,La pena máxima,2018
The Former Yugoslav Re…,1,,1696386,0.004,Ahlat Agaci,2018
Morocco,4,,1581157,0.004,Razzia,2018
Occupied Palestinian T…,4,,1494865,0.004,The Reports on Sarah and Saleem,2018
Albania,2,,1242989,0.003,L'uomo che comprò la luna,2018
United Arab Emirates,7,6000000,1146785,0.003,Benji,2018
Chile,8,,1124730,0.003,"Santiago, Italia",2018
Pakistan,9,1500000,1082155,0.003,Jawani Phir Nahi Ani 2,2018
Brunei Darussalam,1,,993251,0.003,Wheely,2018
Djibouti,1,,993251,0.003,Wheely,2018
Maldives,1,,993251,0.003,Wheely,2018
Paraguay,5,,671664,0.002,Las Herederas,2018
Estonia,5,,654895,0.002,November,2018
Cambodia,5,,519393,0.001,A Prayer Before Dawn,2018
Greece,9,,370979,0.001,The Final Year,2018
Georgia,2,,343125,0.001,The Final Year,2018
Cyprus,2,,332710,0.001,Smuggling Hendrix,2018
Nigeria,5,,307627,0.001,The Final Year,2018
Cape Verde,2,,271819,0.001,The Final Year,2018
Cameroon,1,,265072,0.001,The Final Year,2018
Chad,1,,265072,0.001,The Final Year,2018
Greenland,1,,265072,0.001,The Final Year,2018
Lao People’s Democrati…,1,,265072,0.001,The Final Year,2018
Myanmar,1,,265072,0.001,The Final Year,2018
Sri Lanka,1,,265072,0.001,The Final Year,2018
Viet Nam,3,,265072,0.001,The Final Year,2018
Egypt,5,,182847,0.000,2018 - The Best of IDFA on Tour 2017,2018
Croatia,4,,107492,0.000,Rafaël,2018
Belarus,2,,99360,0.000,Khrustal,2018
Latvia,4,,55983,0.000,Wonderful Losers: A Different World,2018
Armenia,1,,51018,0.000,Spitak,2018
Finland,10,3800000,48551,0.000,Tuntematon sotilas,2018
Syrian Arab Republic,3,,17881,0.000,Kinder des Kalifats,2018
Nepal,1,,14251,0.000,One Less God,2018
The Democratic Republi…,1,,8908,0.000,This is Congo,2018
Slovenia,1,,7718,0.000,Chvilky,2018
Uganda,1,,4996,0.000,The Best Day of My Life,2018
Bolivarian Republic of…,1,,3696,0.000,La Familia,2018
Ghana,4,,1034,0.000,Invisible Hands,2018
United Republic of Tan…,1,,441,0.000,Pili,2018
Bangladesh,1,,284,0.000,Bengali Beauty,2018
Puerto Rico,1,,100,0.000,Hugo Paco Luis y tres chicas de rosa,2018
Costa Rica,1,,87,0.000,Amor Viajero,2018
Afghanistan,2,,,,,2018
Azerbaijan,1,29120,,,,2018
Bermuda,1,,,,,2018
Plurinational State of…,3,,,,,2018
Ecuador,2,,,,,2018
El Salvador,1,,,,,2018
Republic of Moldova,1,,,,,2018
Mongolia,1,,,,,2018
Nicaragua,2,,,,,2018
Republic of Kosovo,1,,,,,2018
Senegal,1,,,,,2018
Trinidad and Tobago,1,,,,,2018
United States,"1,608",50995160,27747640099,71.679,Avengers: Endgame,2019
China,280,37007000,5910066124,15.267,Ne Zha (哪吒之魔童降世),2019
Japan,144,84500000,2261788675,5.843,How to Train Your Dragon: The Hidden …,2019
United Kingdom,341,48071429,2082140574,5.379,1917,2019
India,276,116000000,1253301030,3.238,Aladdin,2019
Republic of Korea,154,26500000,1127182768,2.912,Parasite (기생충),2019
France,272,24183333,775263776,2.003,Qu'est-ce qu'on a encore fait au bon …,2019
Hong Kong,33,28000000,749190630,1.935,Yip Man 4,2019
Canada,169,55428571,614208142,1.587,The LEGO Movie 2: The Second Part,2019
Australia,85,55100000,376654554,0.973,The LEGO Movie 2: The Second Part,2019
Germany,146,24000000,305449419,0.789,Jojo Rabbit,2019
Spain,168,50266667,273198543,0.706,Wonder Park,2019
Belgium,90,,240050110,0.620,The Queen's Corgi,2019
Brazil,57,40010000,237915188,0.615,Ad Astra,2019
Russian Federation,153,,225939901,0.584,Kholop,2019
Italy,149,13200000,199407869,0.515,Pinocchio,2019
Denmark,37,35217086,198291570,0.512,The LEGO Movie 2: The Second Part,2019
Finland,9,65000000,152792026,0.395,The Angry Birds Movie 2,2019
Turkey,145,,108270636,0.280,Yedinci Koğuştaki Mucize,2019
Poland,42,1300000,88484585,0.229,"Misz masz, czyli kogel-mogel 3",2019
Mexico,52,15000000,87948942,0.227,Miss Bala,2019
Sweden,24,4600000,69468188,0.179,Midsommar,2019
"Taiwan, Province of China",10,,59982786,0.155,Yi wen ding qing,2019
Netherlands,65,2000000,49244208,0.127,Penoza: The Final Chapter,2019
Czech Republic,48,,34348900,0.089,Ženy v běhu,2019
Argentina,137,2000000,30843604,0.080,Mientras dure la guerra,2019
Ireland,29,25000000,27663329,0.071,Greta,2019
New Zealand,25,5000000,21487293,0.056,Black Christmas,2019
Norway,23,,17862454,0.046,Donne moi des ailes,2019
Thailand,9,10000000,15696282,0.041,Friend Zone,2019
Cayman Islands,1,,15568692,0.040,Trouble,2019
Iceland,10,13900000,14852148,0.038,The Professor and the Madman,2019
Luxembourg,18,,14150182,0.037,The Room,2019
Slovakia,25,,12879302,0.033,Šťastný nový rok,2019
Switzerland,28,,12681733,0.033,Als Hitler das rosa Kaninchen stahl,2019
Chile,9,,10097795,0.026,Gloria Bell,2019
Senegal,2,,5697255,0.015,Yao,2019
Portugal,48,,5131833,0.013,Variações,2019
Serbia,8,,5107538,0.013,Balkanskiy rubezh,2019
Malaysia,5,,5040918,0.013,Upin & Ipin: Keris Siamang Tunggal,2019
Hungary,17,,4800376,0.012,Su Ren te Gong,2019
Qatar,8,,4680773,0.012,It Must Be Heaven,2019
Israel,17,,4622902,0.012,Tel Aviv on Fire,2019
Lithuania,25,,4497937,0.012,Pats sau milijonierius,2019
Romania,24,,4464724,0.012,5Gang: Un altfel de Crăciun,2019
Ukraine,14,,4299158,0.011,Mr. Jones,2019
Colombia,11,2000000,3662324,0.009,Monos,2019
Austria,14,5000000,2990698,0.008,Kalte Füße,2019
Bulgaria,25,,2714984,0.007,Wildlings,2019
Occupied Palestinian T…,3,,2313361,0.006,It Must Be Heaven,2019
Algeria,2,,2180934,0.006,Papicha,2019
Dominican Republic,5,,1997458,0.005,Como si fuera la primera vez,2019
The Former Yugoslav Re…,6,,1611236,0.004,Honeyland,2019
Greece,7,,1230956,0.003,Adults in the Room,2019
Pakistan,8,,1121463,0.003,The Donkey King,2019
Slovenia,13,,933626,0.002,Košarkar naj bo 2,2019
Viet Nam,3,,900792,0.002,Hai Phuong,2019
Kazakhstan,5,,807317,0.002,Yin Yue Jia,2019
Latvia,13,,777859,0.002,Yumorist,2019
Georgia,2,,671566,0.002,And Then We Danced,2019
Armenia,3,,633261,0.002,Zavod,2019
Philippines,21,,531498,0.001,"Hello, Love, Goodbye",2019
Croatia,13,,385788,0.001,"Gospod postoi, imeto i' e Petrunija",2019
Bangladesh,4,,371076,0.001,Romantic Road,2019
Nepal,3,,312862,0.001,Romantic Road,2019
Indonesia,8,,280057,0.001,Death Whisper,2019
Cuba,4,,221375,0.001,A Tuba to Cuba,2019
Uruguay,8,,219878,0.001,"El Pepe, Una Vida Suprema",2019
Syrian Arab Republic,1,,159915,0.000,The Cave,2019
Lebanon,4,,145194,0.000,The Elephant King,2019
Islamic Republic of Iran,8,,135972,0.000,The Elephant King,2019
Guatemala,1,,123693,0.000,Temblores,2019
Egypt,3,,120780,0.000,Free Trip to Egypt,2019
Tunisia,2,,88214,0.000,Noura's Dream,2019
Bosnia and Herzegovina,4,,85020,0.000,Take Me Somewhere Nice,2019
Azerbaijan,2,,50004,0.000,The Bra,2019
Malta,1,,40715,0.000,The Boat,2019
Costa Rica,2,,39562,0.000,El despertar de las hormigas,2019
Estonia,7,,25336,0.000,Captain Morten and the Spider Queen,2019
Gabon,1,,23866,0.000,DOSED,2019
United Arab Emirates,7,,22075,0.000,Bombairiya,2019
Macao,1,,21587,0.000,Hotel Império,2019
Bolivarian Republic of…,4,,18079,0.000,La noche de las dos lunas,2019
Jamaica,1,,11632,0.000,Sprinter,2019
Libyan Arab Jamahiriya,1,,9571,0.000,Freedom Fields,2019
Nigeria,5,,7352,0.000,Your Excellency,2019
Afghanistan,4,,3314,0.000,RocKabul,2019
Sudan,1,,1145,0.000,Volviendo a Casa,2019
Paraguay,2,,1068,0.000,Matar a Un Muerto,2019
South Africa,14,,1035,0.000,Beyond The River,2019
Cyprus,2,,793,0.000,Passenger from San Francisco,2019
Cape Verde,1,,789,0.000,Os Dois Irmãos,2019
Mozambique,1,,728,0.000,Resgate (Redemption),2019
Jordan,1,,337,0.000,Kaos,2019
Albania,3,,,,,2019
Angola,2,,,,,2019
Bahamas,1,,,,,2019
Botswana,1,,,,,2019
Ethiopia,1,,,,,2019
Ghana,1,,,,,2019
Haiti,2,,,,,2019
Honduras,1,,,,,2019
Iraq,1,,,,,2019
Kenya,2,,,,,2019
Kyrgyzstan,1,,,,,2019
Mongolia,1,,,,,2019
Morocco,1,,,,,2019
Namibia,1,,,,,2019
Panama,1,,,,,2019
Peru,1,,,,,2019
Puerto Rico,1,,,,,2019
Republic of Kosovo,2,,,,,2019
Saudi Arabia,1,,,,,2019
Singapore,4,,,,,2019
United Republic of Tan…,1,,,,,2019
Trinidad and Tobago,2,,,,,2019
Uganda,1,,,,,2019
United States,"1,481",42446774,3519990293,39.938,Bad Boys For Life,2020
China,158,200000000,2989247440,33.916,Ba bai,2020
Japan,141,52875000,1361919146,15.452,Demon Slayer: Kimetsu no Yaiba—The Mo…,2020
United Kingdom,293,29157727,540975361,6.138,Tenet,2020
Canada,156,47250000,323149215,3.666,Sonic The Hedgehog,2020
Hong Kong,15,,314980480,3.574,Chai Dan Zhuan Jia Er,2020
Republic of Korea,141,16000000,294284146,3.339,Ban-do,2020
France,189,6666667,289655223,3.286,The Father,2020
Australia,87,7000000,176361807,2.001,The Invisible Man,2020
Germany,141,60000000,146968271,1.667,Monster Hunter,2020
Russian Federation,109,,121844228,1.382,Lyod 2,2020
Italy,108,,113559950,1.288,Tolo Tolo,2020
Belgium,53,2850000,71901815,0.816,Bigfoot Family,2020
Spain,144,,58385969,0.662,Padre no hay más que uno 2: La llegad…,2020
Netherlands,42,5700000,57456588,0.652,Druk,2020
Poland,32,,44685569,0.507,365 Dni,2020
India,127,,36869454,0.418,Shubh Mangal Zyada Saavdhan,2020
Turkey,61,,32919986,0.374,Eltilerin Savasi,2020
Mexico,49,,30423969,0.345,Las Pildoras De Mi Novio,2020
Denmark,19,5700000,30412597,0.345,Druk,2020
Sweden,23,5700000,28403985,0.322,Druk,2020
Czech Republic,33,,19311562,0.219,Příliš osobní známost,2020
New Zealand,32,,14651582,0.166,Find Your Voice,2020
Argentina,32,400000,9180579,0.104,El robo del siglo,2020
Ireland,27,11250000,7377427,0.084,Wolfwalkers,2020
Belarus,3,,7145152,0.081,Persian Lessons,2020
Slovakia,14,,7075080,0.080,Příliš osobní známost,2020
Norway,25,,6550543,0.074,Håp,2020
Brazil,30,,5872168,0.067,Marighella,2020
Estonia,5,,5547742,0.063,Klassikokkutulek 2: Pulmad ja matused,2020
Luxembourg,9,7000000,5132582,0.058,Wolfwalkers,2020
Finland,9,,4317347,0.049,Tove,2020
Romania,19,,4303486,0.049,Miami Bici,2020
Tunisia,2,,3876377,0.044,Un divan à Tunis,2020
"Taiwan, Province of China",10,,3766080,0.043,"Ke Bu Ke Yi, Ni Ye Gang Hao Xi Huan Wo",2020
Costa Rica,1,20000000,3321111,0.038,The Last Full Measure,2020
Bulgaria,10,,2397966,0.027,The Outpost,2020
Latvia,14,,2312130,0.026,Swingersi,2020
Algeria,3,,2224243,0.025,ADN,2020
Lithuania,17,,2206862,0.025,Tobulas pasimatymas,2020
Slovenia,7,,1693218,0.019,Otac,2020
Serbia,7,,1664537,0.019,Otac,2020
Croatia,4,,1626597,0.018,Otac,2020
Bosnia and Herzegovina,3,,1616882,0.018,Otac,2020
Malaysia,3,,1510000,0.017,Xing Xi De San Ci Qi Yu,2020
Portugal,30,,1434026,0.016,Fatima,2020
Saudi Arabia,2,,1296705,0.015,The Perfect Candidate,2020
Bhutan,1,,1173844,0.013,Lunana: A Yak in the Classroom,2020
Chile,14,400000,805695,0.009,The Mole Agent,2020
Switzerland,27,,719209,0.008,Favolacce,2020
Hungary,8,,379992,0.004,Archive,2020
Philippines,10,,378570,0.004,Yellow Rose,2020
Netherlands Antilles,1,,359849,0.004,Buladó,2020
Guatemala,3,,329205,0.004,La Llorona,2020
Islamic Republic of Iran,4,,316048,0.004,Sheytan vojud nadarad,2020
Qatar,7,,292850,0.003,Bik Eneich: Un Fils,2020
Thailand,10,,245001,0.003,Low Season,2020
Colombia,6,,222453,0.003,Perseguida,2020
Morocco,3,,193485,0.002,Le Miracle du Saint Inconnu,2020
Israel,12,,154677,0.002,Kiss Me Before it Blows Up,2020
South Africa,9,,152485,0.002,8,2020
Mauritius,1,,135802,0.002,Jungle Beat: The Movie,2020
Lebanon,2,,125338,0.001,Bik Eneich: Un Fils,2020
Mongolia,2,,96533,0.001,Öndög,2020
Indonesia,7,,92030,0.001,Perempuan Tanah Jahanam,2020
Greece,11,,78893,0.001,Siberia,2020
Kazakhstan,4,,78398,0.001,Tomiris,2020
The Former Yugoslav Re…,3,,63694,0.001,Aci Kiraz,2020
Bahamas,1,,45289,0.001,Farewell Paradise,2020
Austria,13,,44756,0.001,The Longest Wave,2020
Ukraine,7,,39646,0.000,Where Are You Adam?,2020
Plurinational State of…,1,,32616,0.000,Cholitas,2020
Singapore,2,,27433,0.000,Chasing the Present,2020
Congo,1,,24139,0.000,Heart of Africa,2020
Armenia,1,,21011,0.000,Tanets s sablyami,2020
Iceland,9,,13777,0.000,Last and First Men,2020
Tajikistan,1,,11172,0.000,Mirror Without Reflection,2020
Cuba,6,,10631,0.000,A media voz,2020
United Arab Emirates,6,,9685,0.000,A Lion Returns,2020
Georgia,2,,9366,0.000,Son Kale: Hacibey,2020
Cambodia,2,,7238,0.000,In the Life of Music,2020
Chad,1,,4568,0.000,Talking About Trees,2020
Sudan,1,,4568,0.000,Talking About Trees,2020
Samoa,1,,4266,0.000,"LOIMATA, The Sweetest Tears",2020
Sri Lanka,1,,3332,0.000,Sinamkol,2020
Bangladesh,1,,2335,0.000,Unoponchash Batash,2020
Peru,1,,2017,0.000,Cancion sin nombre,2020
Republic of Kosovo,2,,1512,0.000,Exil,2020
Pakistan,2,,599,0.000,Ehd E Wafa,2020
Monaco,1,,168,0.000,Vulkan,2020
Bermuda,1,,,,,2020
Botswana,1,,,,,2020
Cyprus,2,,,,,2020
Dominican Republic,1,,,,,2020
Ecuador,1,,,,,2020
Egypt,8,,,,,2020
Ethiopia,2,,,,,2020
Fiji,1,,,,,2020
Gambia,1,,,,,2020
Ghana,1,,,,,2020
Haiti,1,,,,,2020
Maldives,1,,,,,2020
Nigeria,14,,,,,2020
Puerto Rico,3,,,,,2020
United Republic of Tan…,1,,,,,2020
Uruguay,3,,,,,2020
Uzbekistan,1,,,,,2020
Bolivarian Republic of…,1,,,,,2020
Viet Nam,1,,,,,2020
United States,"1,316",65084177,12434493604,63.596,Spider-Man: No Way Home,2021
China,254,117000000,5515930623,28.211,Chang jin hu,2021
United Kingdom,246,72975000,1411878706,7.221,No Time to Die,2021
Japan,89,,840349327,4.298,Jujutsu Kaisen 0,2021
Canada,139,29250000,445235083,2.277,PAW Patrol: The Movie,2021
Australia,92,71750000,356874420,1.825,The Matrix Resurrections,2021
France,201,22966667,313556320,1.604,Tom and Jerry,2021
Hong Kong,21,,238206308,1.218,Nou fo,2021
Germany,133,50000000,203570373,1.041,Tom and Jerry,2021
Russian Federation,122,4650000,184124071,0.942,Posledniy bogatyr 3,2021
India,142,23000029,183569359,0.939,Peter Rabbit 2: The Runaway,2021
Republic of Korea,187,,131241174,0.671,Mogadisyu,2021
Spain,177,3400000,97543960,0.499,Vivo,2021
"Taiwan, Province of China",15,,88479239,0.453,Dang Nan Ren Lian Ai Shi,2021
Belgium,38,,64000445,0.327,Kaamelott Premier volet,2021
Mexico,47,15500000,56943127,0.291,Antlers,2021
Italy,126,3400000,56383141,0.288,Me contro te — Il mistero della scuol…,2021
Netherlands,43,,49426347,0.253,AINBO: Spirit of the Amazon,2021
Czech Republic,44,,22151548,0.113,"Prvok, Šampón, Tečka a Karel",2021
Finland,24,2425088,18873357,0.097,Hytti nro 6,2021
Austria,16,,18381815,0.094,The Arctic: Our Last Great Wilderness,2021
Chile,7,,16546858,0.085,Spencer,2021
Norway,19,3400000,11778093,0.060,Verdens verste menneske,2021
Turkey,77,,11762673,0.060,Aykut Eniste 2,2021
Peru,2,,11096896,0.057,AINBO: Spirit of the Amazon,2021
Sweden,28,3400000,10449205,0.053,Lamb,2021
Poland,27,,9856903,0.050,Lamb,2021
Thailand,5,,8304028,0.042,Rang Zong,2021
Ireland,24,,6454972,0.033,My Little Pony: A New Generation,2021
Greece,8,,6110849,0.031,The Truffle Hunters,2021
New Zealand,34,35000000,5219731,0.027,Cousins,2021
Iceland,6,,4412705,0.023,Lamb,2021
Romania,25,,4376359,0.022,Tabăra,2021
Denmark,19,4900000,4078777,0.021,Flee,2021
Estonia,6,,3496772,0.018,Hytti nro 6,2021
Slovenia,4,3400000,3275779,0.017,Flee,2021
Slovakia,13,,2893407,0.015,Známi neznámi,2021
Islamic Republic of Iran,7,,2714718,0.014,Metri Shesh Va Nim,2021
Colombia,4,,2480260,0.013,Memoria,2021
Cyprus,1,2300000,1883256,0.010,Profile,2021
Lithuania,14,,1667788,0.009,Vyras uz pinigus,2021
Switzerland,18,,1180169,0.006,Ariaferma,2021
Luxembourg,4,,1121752,0.006,Pan de limón con semillas de amapola,2021
South Africa,11,,985191,0.005,Seal Team,2021
Portugal,21,,950185,0.005,Bem Bom,2021
Bosnia and Herzegovina,3,,602365,0.003,"Quo Vadis, Aida?",2021
Argentina,19,,473051,0.002,La Funeraria,2021
Croatia,4,,457782,0.002,Babardeala cu bucluc sau porno balamuc,2021
Israel,13,,392009,0.002,Ha’Berech,2021
Hungary,13,,385934,0.002,SAS: Red Notice,2021
Viet Nam,2,1000000,350000,0.002,Bo Gia,2021
Morocco,3,,294935,0.002,Achoura,2021
Qatar,11,,291602,0.001,Guled & Nasra,2021
Latvia,5,,287703,0.001,Suolis,2021
Algeria,2,,240959,0.001,Soeurs,2021
Brazil,20,,240779,0.001,Um Tio Quase Perfeito 2,2021
Philippines,9,,224059,0.001,The Maid,2021
Tunisia,2,,187217,0.001,The Man Who Sold His Skin,2021
Pakistan,2,,176553,0.001,BaTie Girl (巴铁女孩),2021
Indonesia,6,,167508,0.001,De Oost,2021
Occupied Palestinian T…,2,,134760,0.001,200 Meters,2021
Somalia,1,,130650,0.001,Guled & Nasra,2021
Albania,1,,82531,0.000,Hive,2021
The Former Yugoslav Re…,1,,82531,0.000,Hive,2021
Republic of Kosovo,1,,82531,0.000,Hive,2021
Jordan,1,,76670,0.000,200 Meters,2021
Serbia,5,,70179,0.000,Dara iz Jasenovca,2021
Georgia,4,,59400,0.000,"Ras vkhedavt, rodesac cas vukurebt?",2021
Senegal,2,,49967,0.000,La nuit des rois,2021
Malta,3,,47617,0.000,Luzzu,2021
Kenya,2,,46448,0.000,Endangered Species,2021
Ukraine,7,,41231,0.000,Anton,2021
Uruguay,1,,35859,0.000,El año de la furia,2021
Nigeria,17,250000,21543,0.000,A Soldier’s Story 2: Return from the …,2021
United Arab Emirates,3,,17938,0.000,Unsound,2021
Lebanon,2,,17022,0.000,Memory Box,2021
Egypt,4,,14068,0.000,Souad,2021
Ethiopia,1,,5739,0.000,Faya Dayi,2021
Iraq,1,,4617,0.000,Sayyedat al-Bahr,2021
Saudi Arabia,1,,4617,0.000,Sayyedat al-Bahr,2021
Andorra,1,,4325,0.000,Mr. Hand Solo,2021
Sudan,1,,3431,0.000,You Will Die at 20,2021
Belarus,3,,3306,0.000,Hell Hath No Fury,2021
Kazakhstan,1,,3306,0.000,Hell Hath No Fury,2021
Afghanistan,3,,2774,0.000,When Pomegranates Howl,2021
Guatemala,1,,2605,0.000,El Metido,2021
Azerbaijan,3,,1868,0.000,Fulya,2021
Dominican Republic,3,,925,0.000,15 horas,2021
Bulgaria,3,,218,0.000,Golyamoto noshtno kapane,2021
Cuba,1,,194,0.000,Entre perro y lobo,2021
Armenia,1,,,,,2021
Bahamas,1,,,,,2021
Plurinational State of…,1,,,,,2021
Cambodia,2,,,,,2021
Cameroon,4,,,,,2021
El Salvador,1,,,,,2021
Kyrgyzstan,1,,,,,2021
Lao People’s Democrati…,2,,,,,2021
Lesotho,1,,,,,2021
Malaysia,2,,,,,2021
Paraguay,2,,,,,2021
Singapore,2,,,,,2021
Sri Lanka,1,,,,,2021
United Republic of Tan…,1,,,,,2021
Trinidad and Tobago,1,,,,,2021
Uganda,2,,,,,2021
Bolivarian Republic of…,1,,,,,2021
United States,"1,334",72729961,16679708752,72.052,Avatar: The Way of Water,2022
China,248,,3302038313,14.264,Chang Jin Hu Zhi Shui Men Qiao (长津湖之水…,2022
Japan,169,90000000,1438470565,6.214,Sonic the Hedgehog 2,2022
United Kingdom,294,19733333,594840736,2.570,Ticket to Paradise,2022
Republic of Korea,285,,550544569,2.378,Beomjoidosi 2 (범죄도시2),2022
Australia,105,72500000,323934722,1.399,Elvis,2022
India,288,,254258848,1.098,RRR,2022
Russian Federation,155,,169073932,0.730,Serdtse parmy (Сердце пармы),2022
Hong Kong,15,,150115106,0.648,Shen Tan Da Zhan (神探大战),2022
Canada,151,76750000,147817803,0.639,The Woman King,2022
Sweden,28,32800000,145202203,0.627,A Man Called Otto,2022
France,395,16983333,123165641,0.532,Triangle of Sadness,2022
Spain,212,,119159756,0.515,Tadeo Jones 3: la maldición de la momia,2022
Brazil,66,15000000,99822298,0.431,Armageddon Time,2022
Italy,199,,91161052,0.394,Bones and All,2022
Turkey,185,,65319290,0.282,Bergen,2022
Germany,197,,64909196,0.280,The Amazing Maurice,2022
"Taiwan, Province of China",10,,63049491,0.272,Xiang Jian Ni (想见你),2022
New Zealand,25,,62774229,0.271,Whitney Houston: I Wanna Dance With S…,2022
Ireland,25,20000000,62714716,0.271,The Banshees of Inisherin,2022
Netherlands,68,,57064863,0.247,De Tatta's,2022
Belgium,71,,36608197,0.158,Le otto montagne,2022
Czech Republic,72,,33620531,0.145,Vyšehrad: Fylm,2022
Hungary,13,13000000,31865806,0.138,Mrs. Harris Goes to Paris,2022
Finland,53,1606057,27427752,0.118,Jeepers Creepers: Reborn,2022
Mexico,59,,14616113,0.063,¡Qué Despadre!,2022
Luxembourg,14,,7290869,0.031,My Fairy Troublemaker,2022
Slovakia,28,,6176370,0.027,"V lete ti poviem, ako sa mám",2022
Pakistan,8,,6091855,0.026,The Legend of Maula Jatt,2022
Romania,44,,5192990,0.022,Mirciulica,2022
Poland,42,,4984405,0.022,Infinite Storm,2022
Portugal,58,,4578446,0.020,Curral de Moinas - Os Banqueiros do Povo,2022
Islamic Republic of Iran,9,,3778675,0.016,Dolphin Boy (Мальчик-дельфин)…,2022
Greece,8,,3623411,0.016,Crimes of the Future,2022
Denmark,35,,3594832,0.016,Vanskabte Land,2022
Norway,22,,3062186,0.013,Teddybjørnens jul,2022
Austria,19,,3019676,0.013,Corsage,2022
Bolivarian Republic of…,2,,2182539,0.009,The Exorcism of God,2022
Indonesia,13,,1870668,0.008,Kalian pantas mati,2022
Argentina,37,,1843599,0.008,"Argentina, 1985",2022
Latvia,6,,1519758,0.007,Svingery,2022
Lithuania,10,,993090,0.004,Vesper,2022
Croatia,15,,937121,0.004,Kapa,2022
Serbia,9,,868821,0.004,Toma,2022
Switzerland,29,,752541,0.003,Maison de Retraite,2022
Philippines,12,,741635,0.003,Kuwaresma,2022
Cyprus,5,,725596,0.003,Gulliver Returns (Гуллівер повертаєть…,2022
Ukraine,15,,699195,0.003,Gulliver Returns (Гуллівер повертаєть…,2022
Colombia,7,,688311,0.003,The Man From Rome,2022
Israel,13,,616921,0.003,Where is Anne Frank,2022
Bulgaria,7,,468207,0.002,Vasil,2022
Qatar,11,,431684,0.002,1976,2022
Estonia,3,,418348,0.002,Firebird,2022
Monaco,1,,317108,0.001,Vortex,2022
Slovenia,6,,314693,0.001,Kapa,2022
Lebanon,15,,306542,0.001,Al Hayba the Documentary,2022
Armenia,2,,216109,0.001,Olympicos,2022
Rwanda,1,,209767,0.001,Neptune Frost,2022
Chile,13,,198937,0.001,1976,2022
Nepal,4,,174667,0.001,Prem Geet 3,2022
Tunisia,4,,169398,0.001,Taht alshajra,2022
Uruguay,6,,135204,0.001,Utama,2022
Viet Nam,9,,129330,0.001,Maika,2022
Plurinational State of…,3,,128617,0.001,Utama,2022
Egypt,15,,100933,0.000,Huda’s Salon,2022
Thailand,14,,95984,0.000,Fast & Feel Love,2022
Morocco,3,,80758,0.000,Haut et fort,2022
The Former Yugoslav Re…,2,,80494,0.000,Piargy,2022
Georgia,6,,67633,0.000,Bo,2022
Senegal,2,,58584,0.000,Twist à Bamako,2022
Iceland,6,,50478,0.000,Berdreymi,2022
Occupied Palestinian T…,1,,47944,0.000,Huda’s Salon,2022
Kazakhstan,7,,32843,0.000,Vremya patriotov (Время патриотов)…,2022
Guatemala,1,,27178,0.000,Cadejo Blanco,2022
Bangladesh,4,,26685,0.000,Hawa,2022
Costa Rica,1,,26602,0.000,Clara Sola,2022
Malaysia,2,,11281,0.000,Don’t Look at the Demon,2022
Albania,2,,10744,0.000,Blades in the Darkness,2022
Singapore,2,,9817,0.000,Ajumma (아줌마),2022
South Africa,9,,8763,0.000,I Am Here,2022
Republic of Kosovo,2,,7437,0.000,Illyricvm,2022
Bosnia and Herzegovina,6,,6321,0.000,Illyricvm,2022
Malta,2,,3927,0.000,Carmen,2022
Cuba,3,,2235,0.000,Mambo Man,2022
Dominican Republic,7,,1336,0.000,"Caribe, todo incluído",2022
Ecuador,1,,979,0.000,El Rezador,2022
Myanmar,1,,436,0.000,Midwives,2022
Azerbaijan,1,,,,,2022
Burkina Faso,1,,,,,2022
Cambodia,1,,,,,2022
Ghana,1,,,,,2022
Guinea-Bissau,1,,,,,2022
Haiti,1,,,,,2022
Iraq,2,,,,,2022
Jordan,1,,,,,2022
Malawi,1,,,,,2022
Nigeria,8,,,,,2022
Panama,2,,,,,2022
Peru,3,,,,,2022
Puerto Rico,3,,,,,2022
Saudi Arabia,3,140000000,,,,2022
Syrian Arab Republic,3,,,,,2022
United Arab Emirates,2,,,,,2022
United States,"1,235",86866933,18864908829,65.562,Barbie,2023
China,443,129000000,6867862336,23.868,Full River Red (满江红),2023
United Kingdom,315,61572222,2447054522,8.504,Oppenheimer,2023
Japan,328,58333333,2426621401,8.433,The Super Mario Bros. Movie,2023
Republic of Korea,265,,553136809,1.922,12.12: The Day (서울의 봄),2023
India,348,,374464750,1.301,Jawan,2023
Mexico,78,14500000,300479950,1.044,Sound of Freedom,2023
Russian Federation,174,,271551435,0.944,Cheburashka (Чебурашка),2023
Spain,264,18000000,259483053,0.902,The Pope’s Exorcist,2023
Colombia,20,14500000,250941591,0.872,Sound of Freedom,2023
Hong Kong,32,,229417103,0.797,The Goldfinger (金手指),2023
Canada,130,13363750,218179338,0.758,Insidious: The Red Door,2023
Italy,274,43000000,162662190,0.565,C'è ancora domani,2023
Ireland,27,,131886243,0.458,Poor Things,2023
France,471,22400000,128796489,0.448,Anatomie d'une chute,2023
Germany,268,45000000,86183366,0.300,The Last Voyage of the Demeter,2023
Turkey,158,,56853332,0.198,Rafadan Tayfa 4: Hayrimator,2023
"Taiwan, Province of China",19,,55762078,0.194,Big (816),2023
Netherlands,57,5000000,39203732,0.136,Bon Bini: Bangkok Nights,2023
Czech Republic,46,,31617402,0.110,ONEMANSHOW: The Movie,2023
Finland,30,1572297,30540820,0.106,Sisu,2023
Australia,122,,28082534,0.098,Late Night with the Devil,2023
Brazil,110,,21460963,0.075,Nosso Lar,2023
Hungary,17,60000000,20843096,0.072,Koty Ermitazha (Коты Эрмитажа)…,2023
Malta,3,45000000,20398407,0.071,The Last Voyage of the Demeter,2023
Belgium,39,,12641006,0.044,Io capitano,2023
Romania,39,,12621091,0.044,Miami Bici 2,2023
Slovakia,25,,9707052,0.034,Nikdy nehovor nikdy,2023
Norway,27,,6841032,0.024,Folk og Røvere i Kardemomme by,2023
Ukraine,16,,6341451,0.022,Mavka. Lisova pisnya (Мавка. Лісова п…,2023
Croatia,15,,6338707,0.022,Infinity Pool,2023
Poland,45,,3621729,0.013,Bod obvovy,2023
Sweden,34,,3161175,0.011,Sweet Dreams,2023
Argentina,44,,3100771,0.011,When Evil Lurks,2023
New Zealand,28,,3021094,0.010,"Red, White & Brass",2023
Dominican Republic,3,,2864861,0.010,The Black Demon,2023
Greece,10,,2175517,0.008,How to Have Sex,2023
Philippines,33,,1861520,0.006,Rewind,2023
Denmark,26,,1709824,0.006,The Blue Caftan,2023
Saudi Arabia,11,,1602946,0.006,Mandoob,2023
Switzerland,29,,1541119,0.005,Inside,2023
Portugal,40,,1460385,0.005,Pôr do Sol: O Mistério do Colar de Sã…,2023
Serbia,16,,1184171,0.004,Bod obvovy,2023
Morocco,6,,1018147,0.004,The Blue Caftan,2023
Indonesia,39,,1014993,0.004,Sweet Dreams,2023
Malaysia,13,,749305,0.003,Abang Adik (富都青年),2023
Luxembourg,10,,660310,0.002,A Greyhound of a Girl,2023
Chile,13,,607717,0.002,La contadora de peliculas,2023
Egypt,21,,535421,0.002,El Ruby House,2023
Islamic Republic of Iran,11,,514437,0.002,The Gools (功夫山羊),2023
Austria,21,,428774,0.001,Heimsuchung,2023
Armenia,3,,427012,0.001,Amerikatsi,2023
South Africa,20,,388646,0.001,HeadSpace,2023
Iceland,7,,309534,0.001,Smoke Sauna Sisterhood,2023
Thailand,25,,304358,0.001,Home for Rent,2023
Uzbekistan,1,,267944,0.001,Solntse na vkus (Солнце на вкус)…,2023
Northern Ireland,1,,240554,0.001,Ballywalter,2023
Nepal,12,,184798,0.001,Pashupati Prasad 2 Bhasme Don,2023
Estonia,5,,184548,0.001,Smoke Sauna Sisterhood,2023
Lithuania,10,,163673,0.001,"Muž, který stál v cestě",2023
Cambodia,3,,162809,0.001,Dark House,2023
Israel,13,,139771,0.000,Cinema Sabaya,2023
Mongolia,4,,123988,0.000,Ergej irekhgüi namar,2023
Senegal,1,,101222,0.000,Banel e Adama,2023
Viet Nam,12,,78211,0.000,Bóng Ðè,2023
The Former Yugoslav Re…,1,,75686,0.000,Najsrekjniot chovek na svetot,2023
Pakistan,4,,73249,0.000,Money Back Guarantee,2023
Republic of Moldova,2,,64211,0.000,Carbon,2023
Slovenia,6,,61554,0.000,Čuvari Formula,2023
Sudan,1,,60125,0.000,Wadaean Julia,2023
Montenegro,2,,60087,0.000,Čuvari Formula,2023
Azerbaijan,1,,48165,0.000,Khennas,2023
Qatar,8,,46936,0.000,Club Zero,2023
Uganda,1,,44568,0.000,Bobi Wine: The People's President,2023
Uruguay,6,,37518,0.000,Virus-32,2023
Nigeria,25,,35028,0.000,A Tribe Called Judah,2023
Bangladesh,4,,31856,0.000,Mujib: The Making of a Nation,2023
Angola,3,,31420,0.000,Nação Valente,2023
The Democratic Republi…,1,,29680,0.000,Augure,2023
Georgia,2,,26864,0.000,Shashvi shashvi maq'vali,2023
Madagascar,1,,25363,0.000,L'Île rouge,2023
Peru,5,,22031,0.000,Una Aventura Gigante,2023
Bulgaria,5,,19375,0.000,To the North,2023
Costa Rica,2,,15201,0.000,Tengo sueños eléctricos,2023
Cuba,5,,13484,0.000,El Caso Padilla,2023
Albania,3,,12376,0.000,Në kuadër të dashurisë,2023
Sri Lanka,3,,2885,0.000,Gaadi,2023
Puerto Rico,2,,2722,0.000,La Pecera,2023
Bosnia and Herzegovina,2,,2317,0.000,Praznik Rada,2023
Lebanon,4,,2243,0.000,Wala Ghalta,2023
Syrian Arab Republic,2,,2110,0.000,Nezouh,2023
Kenya,6,,1869,0.000,Free Money,2023
Iraq,2,,1717,0.000,Our River...Our Sky,2023
Kuwait,4,,1717,0.000,Our River...Our Sky,2023
United Arab Emirates,6,,1717,0.000,Our River...Our Sky,2023
Republic of Kosovo,1,,826,0.000,La colline où rugissent les lionnes,2023
Algeria,2,,,,,2023
Belarus,3,,,,,2023
Benin,1,,,,,2023
Cameroon,1,,,,,2023
Central African Republic,1,,,,,2023
Ecuador,1,,,,,2023
Ethiopia,1,,,,,2023
Ghana,2,,,,,2023
Greenland,2,,,,,2023
Jordan,1,,,,,2023
Kazakhstan,5,,,,,2023
Kyrgyzstan,3,,,,,2023
Myanmar,1,,,,,2023
Niger,1,,,,,2023
Occupied Palestinian T…,2,,,,,2023
Paraguay,1,,,,,2023
Saint Kitts and Nevis,1,,,,,2023
Sierra Leone,1,,,,,2023
Singapore,3,,,,,2023
Tajikistan,1,,,,,2023
United Republic of Tan…,1,,,,,2023
Tunisia,6,,,,,2023
Bolivarian Republic of…,2,,,,,2023
Zambia,1,,,,,2023